-- Customers
INSERT INTO customers (name, email, phone)
VALUES
  ('Natthawut Ra', 'Natthawut.Ra@example.com', '0993246540'),
  ('Mary Slifer', 'mary.slifer@example.com', '0922978224'),
  ('Dr. Benjarom Krairerk', 'benjarom.krairerk@example.com', '0955966159'),
  ('Intharat Obelisk', 'intharat.obelisk@example.com', '0954633029'),
  ('Paweenawat Photon', 'paweenawat.photon@example.com', '053295003'),
  ('Tonkla Knights', 'tonkla.knights@example.com', '042530766'),
  ('Nattanan Zexal', 'palm.zexal@example.com', '0840882264'),
  ('Orasa Synchro', 'orasa.synchro@example.com', '045244999'),
  ('Rancha Fusion', 'rancha.fusion@example.com', '028790300'),
  ('Phodsathorn Zarc', 'phodsathorn.zarc@example.com', '034603211'),
  ('Phurin dark', 'phurin.dark@example.com', '0932935099');

-- Employees
INSERT INTO employees (name, email, password, phone, role)
VALUES
  ('Chanachon Holactie', 'chanachon.holactie@example.com', '159753', '0828985463', 'manager'),
  ('Yospunya ChaosMax', 'yospunya.chaosmax@example.com', '123456', '0820000003', 'driver'),
  ('Nakhonnob Exodia', 'nakhonnob.exodia@example.com', '987654', '0897459937', 'employee');

-- Locations
INSERT INTO locations (name, contact, address, type)
VALUES
  ('NU Express', '0899599338', '99, Moo 9, Tha Pho, Mueang Phitsanulok, Phitsanulok, 650000','warehouse'),
  ('KAI YANG BUA TONG RESTAURANT 2', '0993246540', '67, Moo 6,Sam-yaek Wichian Buri, Yang Sao, Wichian Buri, Phetchabun, 67130','house'),       
  ('Wat Phra That Doi Suthep', '053295003', 'Moo 9, Doi Suthep, Mueang Chiang Mai, Chiang Mai, 50200','pickup_point'),
  ('Doi Inthanon National Park', '053286729', 'Moo 7, Ban Luang , Chom Thong , Chiang Mai , 50160','pickup_point'),
  ('Phu Sang National Park', '0932935099', 'Moo 8, Phu Sang, Phu Sang, Phayao, 56110','pickup_point'),
  ('Phu Langka National Park', '042530766', 'Phai Lom, Ban Phaeng, NakhonPhanom, 48140','pickup_point'),
  ('Kin Do Shabu Yasothorn', '0922978224', '35 Soi Damrongwimonkhun Rd., Nai Mueang, Mueang Yasothon, Yasothon, 35000','house'),
  ('PRINC Hospital', '045244999', '139 Pholphan Rd., Nai Mueang, Mueang Ubon Ratchathani, Ubon Ratchathani, 34000','office'),
  ('yanhee international hospital', '028790300', '454 Charan Sanitwong Rd., Bang O, Bang Phlat, Bangkok, 10700','office'),
  ('Agaligo clinic lopburi', '0955966159', '116 Moo 8, Akaliko Bldg., Pa Tan, Mueang Lopburi, Lopburi, 15000','house'),
  ('Thaismile Resort&Restaurant', '0954633029', '88/7 Ban Kruan, Soi 1, Klaeng, Mueang Rayong, Rayong, 21160','house'),
  ('Robinson Lifestyle Kanchanaburi ', '034603211', '110 Liang Mueang Kanchanaburi Rd., Pak Phraek, Mueang Kanchanaburi, Kanchanaburi, 71000','office'),
  ('Chachoengsao Observatory', '0840882264', '999, Moo 3, Wang Yen, Plaeng Yao, Chachoengsao, 24190','pickup_point'),
  ('Krabi International Airport', '075701472', '133 Phetkasem Rd., Nuea Khlong, Nuea Khlong, Krabi, 81130','warehouse'),
  ('Holiday Ao Nang Beach Resort, Krabi', '075810888', '123 Ao Nang, Mueang Krabi, Krabi, 81180','pickup_point'),
  ('Singkora Hill at Khaodang', '0819903731', 'Hill at Khao Dang Singkora, Singhanakhon, Songkhla, 90280','pickup_point'),
  ('Thailand Post, Krabi Branch', '075611947', '190 Utrakij Rd., Pak Nam, Mueang Krabi, Krabi, 81000','warehouse'),
  ('Thailand Post, Samsen Nai Branch', '022798048', '1549 Phahonyothin Rd., Phayathai, Phayathai, Bangkok, 10400','warehouse'),
  ('Thailand Post, Songkhla Branch', '074311013', 'Nakorn Nok Rd., Boyang, Mueang Songkhla, Songkhla, 90000','warehouse'),
  ('Flash Express, Mueang Tak Branch', '0628614536', '3/11 Chomphon, Chiang Ngoen, Mueang Tak, Tak, 63000','warehouse'),
  ('Flash Express, Tha Phon Branch, Phetchabun Province', '0873094500', 'Saraburi-Lomsak Rd., Tha Phon, Mueang Phetchabun, Phetchabun, 67250','warehouse'),
  ('Flash Express, Mueang Nakhon Sawan 2 Branch', '0655624093', '80 Atthakawi, Mueang, Nakhon Sawan, 60000','warehouse'),
  ('KEX Express, Sirimangkalajarn Branch', '0954465058', 'Him 74, Nimmanhaemin Rd., Suthep, Mueang Chiang Mai, Chiang Mai ,50200','warehouse'),
  ('KEX Express, PMY Intersection Branch', '0986187888', '8 Thap Ma Rd., Noen Phra, Mueang Rayong, Rayong ,21000','warehouse');

-- Vehicles
INSERT INTO vehicles (capacity, license_plate, status, driver_id)
VALUES
  (2000, 'BK-5973', 'available', 2),
  (1800, 'CM-2496', 'in_use', 2),
  (2500, 'PK-3579', 'maintenance', NULL);

-- Parcel
INSERT INTO parcels (id, weight, type, status, created_at, sender_id, receiver_id, origin_id, destination_id) 
VALUES
  ('ET136642709', 5.31, 'ems', 'in_transit', '2025-11-01 15:43:19', 10, 3, 17, 23),
  ('ET157129518', 10.85, 'ems', 'pending', '2025-11-01 19:53:19', 7, 11, 18, 24),
  ('ET198353008', 19.95, 'ems', 'delivered', '2025-11-01 16:03:19', 8, 1, 15, 21),
  ('ET201337116', 17.94, 'ems', 'pending', '2025-11-01 17:03:19', 2, 6, 9, 15),
  ('ET203517521', 18.41, 'ems', 'delivered', '2025-11-01 22:03:19', 5, 9, 5, 11),
  ('ET298310266', 7.07, 'ems', 'in_transit', '2025-11-01 21:13:19', 10, 3, 10, 16),
  ('ET415462150', 20.46, 'ems', 'in_transit', '2025-11-01 20:03:19', 6, 10, 17, 23),
  ('ET457032142', 1.00, 'ems', 'in_transit', '2025-11-01 21:03:19', 11, 4, 11, 17),
  ('ET488632655', 17.14, 'ems', 'delivered', '2025-11-01 14:33:19', 6, 10, 24, 4),
  ('ET531485929', 17.30, 'ems', 'in_transit', '2025-11-01 15:33:19', 11, 4, 18, 24),
  ('ET594353122', 3.07, 'ems', 'in_transit', '2025-11-01 19:23:19', 10, 3, 21, 1),
  ('ET597817135', 4.24, 'ems', 'cancelled', '2025-11-01 21:43:19', 7, 11, 7, 13),
  ('ET61050155', 2.07, 'ems', 'in_transit', '2025-11-01 16:53:19', 3, 7, 10, 16),
  ('ET611941960', 0.89, 'ems', 'in_transit', '2025-11-01 16:13:19', 7, 11, 14, 20),
  ('ET6319068', 13.67, 'ems', 'in_transit', '2025-11-01 17:43:19', 9, 2, 5, 11),
  ('ET665489578', 8.17, 'ems', 'in_transit', '2025-11-01 21:53:19', 6, 10, 6, 12),
  ('ET684547768', 10.65, 'ems', 'cancelled', '2025-11-01 18:13:19', 6, 10, 2, 8),
  ('ET71442817', 15.24, 'ems', 'pending', '2025-11-01 20:43:19', 2, 6, 13, 19),
  ('ET723918781', 0.99, 'ems', 'delivered', '2025-11-01 16:23:19', 6, 10, 13, 19),
  ('ET729500893', 1.20, 'ems', 'in_transit', '2025-11-01 22:13:19', 4, 8, 4, 10),
  ('ET73633916', 5.09, 'ems', 'in_transit', '2025-11-01 16:43:19', 4, 8, 11, 17),
  ('ET78080002', 15.62, 'ems', 'pending', '2025-11-01 22:33:19', 2, 6, 2, 8),
  ('ET872758115', 8.24, 'ems', 'delivered', '2025-11-01 20:13:19', 5, 9, 16, 22),
  ('ET912134375', 16.88, 'ems', 'in_transit', '2025-11-01 17:23:19', 11, 4, 7, 13),
  ('ET914081545', 2.77, 'ems', 'in_transit', '2025-11-01 17:53:19', 8, 1, 4, 10),
  ('ET923298310', 16.08, 'ems', 'in_transit', '2025-11-01 19:13:19', 11, 4, 22, 2),
  ('ET961673753', 6.04, 'ems', 'in_transit', '2025-11-01 17:13:19', 1, 5, 8, 14),
  ('ST11902565', 8.40, 'standard', 'in_transit', '2025-11-01 22:23:19', 3, 7, 3, 9),
  ('ST120496262', 12.56, 'standard', 'delivered', '2025-11-01 17:33:19', 10, 3, 6, 12),
  ('ST184552212', 7.79, 'standard', 'cancelled', '2025-11-01 15:03:19', 3, 7, 21, 1),
  ('ST223587601', 11.78, 'standard', 'in_transit', '2025-11-01 14:43:19', 5, 9, 23, 3),
  ('ST272896801', 8.62, 'standard', 'in_transit', '2025-11-01 19:03:19', 1, 5, 23, 3),
  ('ST296068961', 15.33, 'standard', 'cancelled', '2025-11-01 20:23:19', 4, 8, 15, 21),
  ('ST328044384', 15.94, 'standard', 'in_transit', '2025-11-01 18:53:19', 2, 6, 24, 4),
  ('ST35528800', 7.21, 'standard', 'pending', '2025-11-01 14:53:19', 4, 8, 22, 2),
  ('ST375964699', 5.22, 'standard', 'pending', '2025-11-01 21:23:19', 9, 2, 9, 15),
  ('ST404080868', 5.40, 'standard', 'pending', '2025-11-01 16:33:19', 5, 9, 12, 18),
  ('ST427566881', 12.56, 'standard', 'in_transit', '2025-11-01 22:43:19', 1, 5, 1, 7),
  ('ST521573956', 1.05, 'standard', 'delivered', '2025-11-01 20:33:19', 3, 7, 14, 20),
  ('ST555440759', 18.68, 'standard', 'in_transit', '2025-11-01 15:53:19', 9, 2, 16, 22),
  ('ST636207438', 16.52, 'standard', 'in_transit', '2025-11-01 18:23:19', 5, 9, 1, 7),
  ('ST685555260', 10.08, 'standard', 'pending', '2025-11-01 21:33:19', 8, 1, 8, 14),
  ('ST720444907', 7.87, 'standard', 'delivered', '2025-11-01 20:53:19', 1, 5, 12, 18),
  ('ST792662489', 5.81, 'standard', 'in_transit', '2025-11-01 18:03:19', 7, 11, 3, 9);


-- Routes
INSERT INTO routes (id, distance, estimated_time, assigned_at, status, origin_id, destination_id, vehicle_id) 
VALUES
  (1, 457673.62, 589, '2025-11-01 14:27:19', 'completed', 1, 7, 1),
  (2, 490730.80, 289, '2025-11-01 13:32:19', 'in_progress', 2, 8, 2),
  (3, 266307.08, 277, '2025-11-01 16:29:19', 'in_progress', 3, 9, 3),
  (4, 125754.25, 179, '2025-11-01 14:16:19', 'in_progress', 4, 10, 1),
  (5, 305563.01, 17, '2025-11-01 20:03:19', 'completed', 5, 11, 2),
  (6, 338015.35, 400, '2025-11-01 13:03:19', 'cancelled', 6, 12, 3),
  (7, 138240.44, 528, '2025-11-01 22:47:19', 'assigned', 7, 13, 1),
  (8, 334384.88, 489, '2025-11-01 10:24:19', 'in_progress', 8, 14, 2),
  (9, 77808.35, 190, '2025-11-01 21:50:19', 'assigned', 9, 15, 3),
  (10, 25131.99, 446, '2025-11-01 07:10:19', 'completed', 10, 16, 1),
  (11, 481800.57, 52, '2025-11-01 19:48:19', 'in_progress', 11, 17, 2),
  (12, 77149.25, 58, '2025-11-01 22:43:19', 'assigned', 12, 18, 3),
  (13, 155736.84, 375, '2025-11-01 22:24:19', 'in_progress', 13, 19, 1),
  (14, 375210.57, 566, '2025-11-01 09:38:19', 'completed', 14, 20, 2),
  (15, 414793.64, 129, '2025-11-01 18:34:19', 'in_progress', 15, 21, 3),
  (16, 187402.56, 89, '2025-11-01 10:07:19', 'completed', 16, 22, 1),
  (17, 1317.99, 326, '2025-11-01 17:12:19', 'completed', 17, 23, 2),
  (18, 154544.75, 555, '2025-11-01 21:44:19', 'assigned', 18, 24, 3),
  (21, 352432.24, 395, '2025-11-01 13:39:19', 'cancelled', 21, 1, 3),
  (22, 246088.15, 442, '2025-11-01 09:50:19', 'assigned', 22, 2, 1),
  (23, 182965.34, 241, '2025-11-01 09:27:19', 'completed', 23, 3, 2),
  (24, 332683.72, 261, '2025-11-01 07:22:19', 'in_progress', 24, 4, 3),
  (27, 14817.42, 157, '2025-11-01 18:39:19', 'in_progress', 1, 7, 3),
  (28, 30084.89, 489, '2025-11-01 20:28:19', 'in_progress', 2, 8, 1),
  (29, 61658.52, 177, '2025-11-01 09:55:19', 'in_progress', 3, 9, 2),
  (30, 102951.51, 473, '2025-11-01 10:48:19', 'completed', 4, 10, 3);

-- Parcel Routes
INSERT INTO parcel_routes (parcel_id, route_id, sequence) 
VALUES
  ('ET136642709', 14, 1),
  ('ET136642709', 15, 2),
  ('ET198353008', 12, 1),
  ('ET201337116', 6, 1),
  ('ET203517521', 6, 1),
  ('ET203517521', 7, 2),
  ('ET298310266', 11, 1),
  ('ET298310266', 12, 2),
  ('ET415462150', 18, 1),
  ('ET457032142', 12, 1),
  ('ET457032142', 13, 2),
  ('ET488632655', 21, 1),
  ('ET531485929', 15, 1),
  ('ET531485929', 16, 2),
  ('ET594353122', 22, 1),
  ('ET597817135', 8, 1),
  ('ET597817135', 9, 2),
  ('ET61050155', 7, 1),
  ('ET611941960', 11, 1),
  ('ET6319068', 2, 1),
  ('ET6319068', 3, 2),
  ('ET665489578', 7, 1),
  ('ET665489578', 8, 2),
  ('ET684547768', 29, 1),
  ('ET71442817', 14, 1),
  ('ET71442817', 15, 2),
  ('ET723918781', 10, 1),
  ('ET723918781', 11, 2),
  ('ET729500893', 5, 1),
  ('ET729500893', 6, 2),
  ('ET73633916', 8, 1),
  ('ET73633916', 9, 2),
  ('ET78080002', 3, 1),
  ('ET78080002', 4, 2),
  ('ET872758115', 17, 1),
  ('ET872758115', 18, 2),
  ('ET912134375', 4, 1),
  ('ET914081545', 1, 1),
  ('ET923298310', 23, 1),
  ('ET923298310', 24, 2),
  ('ET961673753', 5, 1),
  ('ST11902565', 4, 1),
  ('ST120496262', 3, 1),
  ('ST120496262', 4, 2),
  ('ST184552212', 18, 1),
  ('ST272896801', 24, 1),
  ('ST296068961', 16, 1),
  ('ST296068961', 17, 2),
  ('ST375964699', 10, 1),
  ('ST375964699', 11, 2),
  ('ST404080868', 9, 1),
  ('ST427566881', 2, 1),
  ('ST427566881', 3, 2),
  ('ST521573956', 15, 1),
  ('ST555440759', 13, 1),
  ('ST555440759', 14, 2),
  ('ST636207438', 28, 1),
  ('ST685555260', 9, 1),
  ('ST685555260', 10, 2),
  ('ST720444907', 13, 1),
  ('ST792662489', 30, 1);

-- Parcel Logs
INSERT INTO parcel_logs (status, note, timestamp, parcel_id, employee_id, location_id, route_id) 
VALUES
  ('received', 'Receive parcel into the system', '2025-11-01 23:05:19', 'ST427566881', 2, 2, 2),
  ('in_transit', 'Parcel is in transit', '2025-11-01 23:07:19', 'ST427566881', 3, 3, 3),
  ('out_for_delivery', 'Parcel is out for delivery', '2025-11-01 23:09:19', 'ST427566881', 1, 4, 4),
  ('arrived_warehouse', 'Parcel arrived at warehouse', '2025-11-01 23:11:19', 'ST427566881', 2, 5, 5),
  ('failed', 'Delivery failed', '2025-11-01 23:13:19', 'ST427566881', 3, 6, 6),
  ('received', 'Receive parcel into the system', '2025-11-01 23:15:19', 'ET78080002', 3, 3, 3),
  ('in_transit', 'Parcel is in transit', '2025-11-01 23:17:19', 'ET78080002', 1, 4, 4),
  ('out_for_delivery', 'Parcel is out for delivery', '2025-11-01 23:19:19', 'ET78080002', 2, 5, 5),
  ('arrived_warehouse', 'Parcel arrived at warehouse', '2025-11-01 23:21:19', 'ET78080002', 3, 6, 6),
  ('received', 'Receive parcel into the system', '2025-11-01 23:25:19', 'ST11902565', 1, 4, 4),
  ('in_transit', 'Parcel is in transit', '2025-11-01 23:27:19', 'ST11902565', 2, 5, 5),
  ('out_for_delivery', 'Parcel is out for delivery', '2025-11-01 23:29:19', 'ST11902565', 3, 6, 6),
  ('arrived_warehouse', 'Parcel arrived at warehouse', '2025-11-01 23:31:19', 'ST11902565', 1, 7, 7),
  ('received', 'Receive parcel into the system', '2025-11-01 23:35:19', 'ET729500893', 2, 5, 5),
  ('in_transit', 'Parcel is in transit', '2025-11-01 23:37:19', 'ET729500893', 3, 6, 6),
  ('out_for_delivery', 'Parcel is out for delivery', '2025-11-01 23:39:19', 'ET729500893', 1, 7, 7),
  ('received', 'Receive parcel into the system', '2025-11-01 23:45:19', 'ET203517521', 3, 6, 6),
  ('in_transit', 'Parcel is in transit', '2025-11-01 23:47:19', 'ET203517521', 1, 7, 7),
  ('out_for_delivery', 'Parcel is out for delivery', '2025-11-01 23:49:19', 'ET203517521', 2, 8, 8),
  ('arrived_warehouse', 'Parcel arrived at warehouse', '2025-11-01 23:51:19', 'ET203517521', 3, 9, 9),
  ('failed', 'Delivery failed', '2025-11-01 23:53:19', 'ET203517521', 1, 10, 10),
  ('received', 'Receive parcel into the system', '2025-11-01 23:55:19', 'ET665489578', 1, 7, 7),
  ('in_transit', 'Parcel is in transit', '2025-11-01 23:57:19', 'ET665489578', 2, 8, 8),
  ('out_for_delivery', 'Parcel is out for delivery', '2025-11-01 23:59:19', 'ET665489578', 3, 9, 9),
  ('arrived_warehouse', 'Parcel arrived at warehouse', '2025-11-02 00:01:19', 'ET665489578', 1, 10, 10),
  ('received', 'Receive parcel into the system', '2025-11-02 00:05:19', 'ET597817135', 2, 8, 8),
  ('in_transit', 'Parcel is in transit', '2025-11-02 00:07:19', 'ET597817135', 3, 9, 9),
  ('out_for_delivery', 'Parcel is out for delivery', '2025-11-02 00:09:19', 'ET597817135', 1, 10, 10),
  ('arrived_warehouse', 'Parcel arrived at warehouse', '2025-11-02 00:11:19', 'ET597817135', 2, 11, 11),
  ('received', 'Receive parcel into the system', '2025-11-02 00:15:19', 'ST685555260', 3, 9, 9),
  ('in_transit', 'Parcel is in transit', '2025-11-02 00:17:19', 'ST685555260', 1, 10, 10),
  ('out_for_delivery', 'Parcel is out for delivery', '2025-11-02 00:19:19', 'ST685555260', 2, 11, 11),
  ('received', 'Receive parcel into the system', '2025-11-02 00:25:19', 'ST375964699', 1, 10, 10),
  ('in_transit', 'Parcel is in transit', '2025-11-02 00:27:19', 'ST375964699', 2, 11, 11),
  ('out_for_delivery', 'Parcel is out for delivery', '2025-11-02 00:29:19', 'ST375964699', 3, 12, 12),
  ('arrived_warehouse', 'Parcel arrived at warehouse', '2025-11-02 00:31:19', 'ST375964699', 1, 13, 13),
  ('failed', 'Delivery failed', '2025-11-02 00:33:19', 'ST375964699', 2, 14, 14),
  ('received', 'Receive parcel into the system', '2025-11-02 00:35:19', 'ET298310266', 2, 11, 11),
  ('in_transit', 'Parcel is in transit', '2025-11-02 00:37:19', 'ET298310266', 3, 12, 12),
  ('out_for_delivery', 'Parcel is out for delivery', '2025-11-02 00:39:19', 'ET298310266', 1, 13, 13),
  ('arrived_warehouse', 'Parcel arrived at warehouse', '2025-11-02 00:41:19', 'ET298310266', 2, 14, 14),
  ('failed', 'Delivery failed', '2025-11-02 00:43:19', 'ET298310266', 3, 15, 15),
  ('received', 'Receive parcel into the system', '2025-11-02 00:45:19', 'ET457032142', 3, 12, 12),
  ('in_transit', 'Parcel is in transit', '2025-11-02 00:47:19', 'ET457032142', 1, 13, 13),
  ('out_for_delivery', 'Parcel is out for delivery', '2025-11-02 00:49:19', 'ET457032142', 2, 14, 14),
  ('arrived_warehouse', 'Parcel arrived at warehouse', '2025-11-02 00:51:19', 'ET457032142', 3, 15, 15),
  ('failed', 'Delivery failed', '2025-11-02 00:53:19', 'ET457032142', 1, 16, 16),
  ('received', 'Receive parcel into the system', '2025-11-02 00:55:19', 'ST720444907', 1, 13, 13),
  ('in_transit', 'Parcel is in transit', '2025-11-02 00:57:19', 'ST720444907', 2, 14, 14),
  ('out_for_delivery', 'Parcel is out for delivery', '2025-11-02 00:59:19', 'ST720444907', 3, 15, 15),
  ('received', 'Receive parcel into the system', '2025-11-02 01:05:19', 'ET71442817', 2, 14, 14),
  ('in_transit', 'Parcel is in transit', '2025-11-02 01:07:19', 'ET71442817', 3, 15, 15),
  ('out_for_delivery', 'Parcel is out for delivery', '2025-11-02 01:09:19', 'ET71442817', 1, 16, 16),
  ('received', 'Receive parcel into the system', '2025-11-02 01:15:19', 'ST521573956', 3, 15, 15),
  ('in_transit', 'Parcel is in transit', '2025-11-02 01:17:19', 'ST521573956', 1, 16, 16),
  ('out_for_delivery', 'Parcel is out for delivery', '2025-11-02 01:19:19', 'ST521573956', 2, 17, 17),
  ('arrived_warehouse', 'Parcel arrived at warehouse', '2025-11-02 01:21:19', 'ST521573956', 3, 18, 18),
  ('received', 'Receive parcel into the system', '2025-11-02 01:25:19', 'ST296068961', 1, 16, 16),
  ('in_transit', 'Parcel is in transit', '2025-11-02 01:27:19', 'ST296068961', 2, 17, 17),
  ('out_for_delivery', 'Parcel is out for delivery', '2025-11-02 01:29:19', 'ST296068961', 3, 18, 18),
  ('received', 'Receive parcel into the system', '2025-11-02 01:35:19', 'ET872758115', 2, 17, 17),
  ('in_transit', 'Parcel is in transit', '2025-11-02 01:37:19', 'ET872758115', 3, 18, 18),
  ('received', 'Receive parcel into the system', '2025-11-02 01:45:19', 'ET415462150', 3, 18, 18),
  ('out_for_delivery', 'Parcel is out for delivery', '2025-11-02 01:59:19', 'ET157129518', 3, 21, 21),
  ('received', 'Receive parcel into the system', '2025-11-02 02:25:19', 'ET594353122', 1, 22, 22),
  ('in_transit', 'Parcel is in transit', '2025-11-02 02:27:19', 'ET594353122', 2, 23, 23),
  ('out_for_delivery', 'Parcel is out for delivery', '2025-11-02 02:29:19', 'ET594353122', 3, 24, 24),
  ('received', 'Receive parcel into the system', '2025-11-02 02:35:19', 'ET923298310', 2, 23, 23),
  ('in_transit', 'Parcel is in transit', '2025-11-02 02:37:19', 'ET923298310', 3, 24, 24),
  ('received', 'Receive parcel into the system', '2025-11-02 02:45:19', 'ST272896801', 3, 24, 24),
  ('out_for_delivery', 'Parcel is out for delivery', '2025-11-02 02:59:19', 'ST328044384', 3, 1, 27),
  ('arrived_warehouse', 'Parcel arrived at warehouse', '2025-11-02 03:01:19', 'ST328044384', 1, 2, 28),
  ('failed', 'Delivery failed', '2025-11-02 03:03:19', 'ST328044384', 2, 3, 29),
  ('received', 'Receive parcel into the system', '2025-11-02 03:25:19', 'ST636207438', 1, 2, 28),
  ('in_transit', 'Parcel is in transit', '2025-11-02 03:27:19', 'ST636207438', 2, 3, 29),
  ('out_for_delivery', 'Parcel is out for delivery', '2025-11-02 03:29:19', 'ST636207438', 3, 4, 30),
  ('arrived_warehouse', 'Parcel arrived at warehouse', '2025-11-02 03:31:19', 'ST636207438', 1, 5, 1),
  ('failed', 'Delivery failed', '2025-11-02 03:33:19', 'ST636207438', 2, 6, 2),
  ('received', 'Receive parcel into the system', '2025-11-02 03:35:19', 'ET684547768', 2, 3, 29),
  ('in_transit', 'Parcel is in transit', '2025-11-02 03:37:19', 'ET684547768', 3, 4, 30),
  ('out_for_delivery', 'Parcel is out for delivery', '2025-11-02 03:39:19', 'ET684547768', 1, 5, 1),
  ('arrived_warehouse', 'Parcel arrived at warehouse', '2025-11-02 03:41:19', 'ET684547768', 2, 6, 2),
  ('failed', 'Delivery failed', '2025-11-02 03:43:19', 'ET684547768', 3, 7, 3),
  ('received', 'Receive parcel into the system', '2025-11-02 03:45:19', 'ST792662489', 3, 4, 30),
  ('in_transit', 'Parcel is in transit', '2025-11-02 03:47:19', 'ST792662489', 1, 5, 1),
  ('out_for_delivery', 'Parcel is out for delivery', '2025-11-02 03:49:19', 'ST792662489', 2, 6, 2),
  ('received', 'Receive parcel into the system', '2025-11-02 03:55:19', 'ET914081545', 1, 5, 1),
  ('in_transit', 'Parcel is in transit', '2025-11-02 03:57:19', 'ET914081545', 2, 6, 2),
  ('out_for_delivery', 'Parcel is out for delivery', '2025-11-02 03:59:19', 'ET914081545', 3, 7, 3),
  ('arrived_warehouse', 'Parcel arrived at warehouse', '2025-11-02 04:01:19', 'ET914081545', 1, 8, 4),
  ('failed', 'Delivery failed', '2025-11-02 04:03:19', 'ET914081545', 2, 9, 5),
  ('received', 'Receive parcel into the system', '2025-11-02 04:05:19', 'ET6319068', 2, 6, 2),
  ('in_transit', 'Parcel is in transit', '2025-11-02 04:07:19', 'ET6319068', 3, 7, 3),
  ('out_for_delivery', 'Parcel is out for delivery', '2025-11-02 04:09:19', 'ET6319068', 1, 8, 4),
  ('received', 'Receive parcel into the system', '2025-11-02 04:15:19', 'ST120496262', 3, 7, 3),
  ('in_transit', 'Parcel is in transit', '2025-11-02 04:17:19', 'ST120496262', 1, 8, 4),
  ('out_for_delivery', 'Parcel is out for delivery', '2025-11-02 04:19:19', 'ST120496262', 2, 9, 5),
  ('arrived_warehouse', 'Parcel arrived at warehouse', '2025-11-02 04:21:19', 'ST120496262', 3, 10, 6),
  ('received', 'Receive parcel into the system', '2025-11-02 04:25:19', 'ET912134375', 1, 8, 4),
  ('in_transit', 'Parcel is in transit', '2025-11-02 04:27:19', 'ET912134375', 2, 9, 5),
  ('out_for_delivery', 'Parcel is out for delivery', '2025-11-02 04:29:19', 'ET912134375', 3, 10, 6),
  ('arrived_warehouse', 'Parcel arrived at warehouse', '2025-11-02 04:31:19', 'ET912134375', 1, 11, 7),
  ('received', 'Receive parcel into the system', '2025-11-02 04:35:19', 'ET961673753', 2, 9, 5),
  ('in_transit', 'Parcel is in transit', '2025-11-02 04:37:19', 'ET961673753', 3, 10, 6),
  ('out_for_delivery', 'Parcel is out for delivery', '2025-11-02 04:39:19', 'ET961673753', 1, 11, 7),
  ('received', 'Receive parcel into the system', '2025-11-02 04:45:19', 'ET201337116', 3, 10, 6),
  ('in_transit', 'Parcel is in transit', '2025-11-02 04:47:19', 'ET201337116', 1, 11, 7),
  ('out_for_delivery', 'Parcel is out for delivery', '2025-11-02 04:49:19', 'ET201337116', 2, 12, 8),
  ('received', 'Receive parcel into the system', '2025-11-02 04:55:19', 'ET61050155', 1, 11, 7),
  ('in_transit', 'Parcel is in transit', '2025-11-02 04:57:19', 'ET61050155', 2, 12, 8),
  ('out_for_delivery', 'Parcel is out for delivery', '2025-11-02 04:59:19', 'ET61050155', 3, 13, 9),
  ('arrived_warehouse', 'Parcel arrived at warehouse', '2025-11-02 05:01:19', 'ET61050155', 1, 14, 10),
  ('failed', 'Delivery failed', '2025-11-02 05:03:19', 'ET61050155', 2, 15, 11),
  ('received', 'Receive parcel into the system', '2025-11-02 05:05:19', 'ET73633916', 2, 12, 8),
  ('in_transit', 'Parcel is in transit', '2025-11-02 05:07:19', 'ET73633916', 3, 13, 9),
  ('out_for_delivery', 'Parcel is out for delivery', '2025-11-02 05:09:19', 'ET73633916', 1, 14, 10),
  ('arrived_warehouse', 'Parcel arrived at warehouse', '2025-11-02 05:11:19', 'ET73633916', 2, 15, 11),
  ('failed', 'Delivery failed', '2025-11-02 05:13:19', 'ET73633916', 3, 16, 12),
  ('received', 'Receive parcel into the system', '2025-11-02 05:15:19', 'ST404080868', 3, 13, 9),
  ('in_transit', 'Parcel is in transit', '2025-11-02 05:17:19', 'ST404080868', 1, 14, 10),
  ('out_for_delivery', 'Parcel is out for delivery', '2025-11-02 05:19:19', 'ST404080868', 2, 15, 11),
  ('arrived_warehouse', 'Parcel arrived at warehouse', '2025-11-02 05:21:19', 'ST404080868', 3, 16, 12),
  ('received', 'Receive parcel into the system', '2025-11-02 05:25:19', 'ET723918781', 1, 14, 10),
  ('in_transit', 'Parcel is in transit', '2025-11-02 05:27:19', 'ET723918781', 2, 15, 11),
  ('out_for_delivery', 'Parcel is out for delivery', '2025-11-02 05:29:19', 'ET723918781', 3, 16, 12),
  ('arrived_warehouse', 'Parcel arrived at warehouse', '2025-11-02 05:31:19', 'ET723918781', 1, 17, 13),
  ('received', 'Receive parcel into the system', '2025-11-02 05:35:19', 'ET611941960', 2, 15, 11),
  ('in_transit', 'Parcel is in transit', '2025-11-02 05:37:19', 'ET611941960', 3, 16, 12),
  ('out_for_delivery', 'Parcel is out for delivery', '2025-11-02 05:39:19', 'ET611941960', 1, 17, 13),
  ('arrived_warehouse', 'Parcel arrived at warehouse', '2025-11-02 05:41:19', 'ET611941960', 2, 18, 14),
  ('received', 'Receive parcel into the system', '2025-11-02 05:45:19', 'ET198353008', 3, 16, 12),
  ('in_transit', 'Parcel is in transit', '2025-11-02 05:47:19', 'ET198353008', 1, 17, 13),
  ('out_for_delivery', 'Parcel is out for delivery', '2025-11-02 05:49:19', 'ET198353008', 2, 18, 14),
  ('arrived_warehouse', 'Parcel arrived at warehouse', '2025-11-02 05:51:19', 'ET198353008', 3, 19, 15),
  ('failed', 'Delivery failed', '2025-11-02 05:53:19', 'ET198353008', 1, 20, 16),
  ('received', 'Receive parcel into the system', '2025-11-02 05:55:19', 'ST555440759', 1, 17, 13),
  ('in_transit', 'Parcel is in transit', '2025-11-02 05:57:19', 'ST555440759', 2, 18, 14),
  ('out_for_delivery', 'Parcel is out for delivery', '2025-11-02 05:59:19', 'ST555440759', 3, 19, 15),
  ('arrived_warehouse', 'Parcel arrived at warehouse', '2025-11-02 06:01:19', 'ST555440759', 1, 20, 16),
  ('failed', 'Delivery failed', '2025-11-02 06:03:19', 'ST555440759', 2, 21, 17),
  ('received', 'Receive parcel into the system', '2025-11-02 06:05:19', 'ET136642709', 2, 18, 14),
  ('in_transit', 'Parcel is in transit', '2025-11-02 06:07:19', 'ET136642709', 3, 19, 15),
  ('out_for_delivery', 'Parcel is out for delivery', '2025-11-02 06:09:19', 'ET136642709', 1, 20, 16),
  ('received', 'Receive parcel into the system', '2025-11-02 06:15:19', 'ET531485929', 3, 19, 15),
  ('in_transit', 'Parcel is in transit', '2025-11-02 06:17:19', 'ET531485929', 1, 20, 16),
  ('out_for_delivery', 'Parcel is out for delivery', '2025-11-02 06:19:19', 'ET531485929', 2, 21, 17),
  ('arrived_warehouse', 'Parcel arrived at warehouse', '2025-11-02 06:21:19', 'ET531485929', 3, 22, 18),
  ('received', 'Receive parcel into the system', '2025-11-02 06:45:19', 'ST184552212', 3, 22, 18),
  ('failed', 'Delivery failed', '2025-11-02 07:03:19', 'ST35528800', 2, 1, 23),
  ('arrived_warehouse', 'Parcel arrived at warehouse', '2025-11-02 07:11:19', 'ST223587601', 2, 1, 23),
  ('failed', 'Delivery failed', '2025-11-02 07:13:19', 'ST223587601', 3, 2, 24),
  ('out_for_delivery', 'Parcel is out for delivery', '2025-11-02 07:19:19', 'ET488632655', 2, 1, 23),
  ('arrived_warehouse', 'Parcel arrived at warehouse', '2025-11-02 07:21:19', 'ET488632655', 3, 2, 24);
